{
    "title": "ویژگی‌های جغرافیایی بوشهر",
    "location": {
        "province": "بوشهر",
        "city": "بوشهر"
    },
    "geographical_features": [{
            "name": "رودخانه‌ها",
            "description": [
                { "name": "رودخانه مند", "images": [] },
                { "name": "رودخانه شاپور", "images": [] },
                { "name": "رودخانه دالکی", "images": [] },
                { "name": "رودخانه حله", "images": [] }
            ]
        },
        {
            "name": "کوه‌ها",
            "description": [
                { "name": "کوه مند", "images": [] },
                { "name": "کوه نوکند", "images": [] },
                { "name": "کوه سیاه", "images": [] },
                { "name": "کوه خورموج", "images": [] },
                { "name": "گنبد نمکی جاشک", "images": [] }
            ]
        },
        {
            "name": "تالاب‌ها و سواحل",
            "description": [
                { "name": "جنگل حرا", "images": [] },
                { "name": "خور نایبند", "images": [] },
                { "name": "سواحل ماسه‌ای دیلم", "images": [] },
                { "name": "سواحل سیراف", "images": [] }
            ]
        },
        {
            "name": "پوشش گیاهی",
            "description": [
                "جنگل‌های گز",
                "جنگل‌های کنار",
                "جنگل بادام کوهی و بنه",
                "جنگل حرا",
                "گونه‌های گیاهی بیابانی"
            ]
        }
    ],
    "topography": [{
            "name": "اقلیم استان",
            "description": [
                "گرم و خشک ساحلی با رطوبت بالا",
                "گرم و خشک داخلی با رطوبت کم",
                "تابستان‌های طولانی و زمستان‌های معتدل"
            ]
        },
        {
            "name": "دشت‌ها و جلگه‌ها",
            "description": [
                "دشت الور",
                "دشت پلنگ",
                "دشت ارم و بوشکان",
                "دشت آبدان",
                "جلگه ساحلی خوزستان"
            ]
        },
        {
            "name": "ویژگی‌های زمین‌شناسی",
            "description": [
                "گسل کازرون–قطر",
                "وجود گنبدهای نمکی",
                "زمینه سنگ آهک و گچ",
                "سازندهای تبخیری و کواترنر"
            ]
        }
    ],
    "natural_resources": [{
            "name": "منابع آبی",
            "description": [
                "رودخانه‌های موسم مند، شاپور، دالکی و حله",
                "چاه‌های عمیق و نیمه‌عمیق",
                "چشمه‌های آبگرم معدنی",
                "قنات‌ها"
            ]
        },
        {
            "name": "منابع معدنی",
            "description": [
                "نمک",
                "گچ",
                "سنگ آهک",
                "شن و ماسه ساحلی",
                "مارن"
            ]
        },
        {
            "name": "منابع نفت و گاز",
            "description": [
                "میدان‌های نفتی بهرگان، نوروز، سروش و خارک",
                "میدان گازی پارس جنوبی",
                "میدان گازی نار"
            ]
        },
        {
            "name": "تنوع آبی زیستی",
            "description": [
                "بیش از ۲۰۰ گونه ماهی",
                "پرورش میگوی سفید",
                "آبزیان متنوع خلیج فارس"
            ]
        }
    ],
    "tourist_attractions": [{
            "name": "مسجد جامع بوشهر",
            "images": [],
            "year_built": "قرن ساسانی",
            "Constructor": "",
            "architect": "",
            "description": "یکی از قدیمی‌ترین مساجد جنوب ایران با معماری منحصر‌به‌فرد."
        },
        {
            "name": "قلعه خورموج",
            "images": [],
            "year_built": "دوره قاجار",
            "Constructor": "",
            "architect": "",
            "description": "قلعه‌ای تاریخی در شهرستان دشتی، یادگاری از دوران قاجار."
        },
        {
            "name": "گور دختر",
            "images": [],
            "year_built": "هخامنشی",
            "Constructor": "",
            "architect": "",
            "description": "آرامگاه سنگی متعلق به دوره هخامنشیان در دشتستان."
        },
        {
            "name": "کوشک اردشیر",
            "images": [],
            "year_built": "دوره ساسانی",
            "Constructor": "",
            "architect": "",
            "description": "قلعه‌ای استراتژیک در تنگ ارم که در دوران ساسانیان ساخته شد."
        },
        {
            "name": "بندر سیراف",
            "images": [],
            "year_built": "",
            "Constructor": "",
            "architect": "",
            "description": "بندری باستانی که در دوره ساسانی مرکز تجارت جنوب ایران بود."
        },
        {
            "name": "پارک ملی نایبند",
            "images": [],
            "year_built": "",
            "Constructor": "",
            "architect": "",
            "description": "منطقه حفاظت‌شده دریایی با جنگل‌های حرا و تنوع زیستی منحصربه‌فرد."
        },
        {
            "name": "گنبد نمکی جاشک",
            "images": [],
            "year_built": "",
            "Constructor": "",
            "architect": "",
            "description": "یکی از مهم‌ترین پدیده‌های زمین‌شناسی با استالاگمیت‌ها و آبشارهای نمکی."
        }
    ],
    "climate_change_impacts": [
        "افزایش میانگین دمای سالیانه و شدت گرما در تابستان‌ها",
        "کاهش بارش و تشدید دوره‌های خشکسالی",
        "افزایش رطوبت شرجی در سواحل",
        "تشدید توفان‌های گردوغبار",
        "افزایش میزان ویرانی سیلاب‌های ناگهانی"
    ],
    "additional_info": {
        "books_source": "سازمان پژوهش و برنامه‌ریزی آموزشی وزارت آموزش و پرورش: استانشناسی بوشهر"
    }
}