{
    "title": "ویژگی‌های جغرافیایی چهارمحال و بختیاری",
    "location": {
        "province": "چهارمحال و بختیاری",
        "city": "شهرکرد"
    },
    "geographical_features": [{
            "rivers": [
                { "name": "رودخانه کارون", "images": [] },
                { "name": "رودخانه زاینده‌رود", "images": [] },
                { "name": "رودخانه دز", "images": [] },
                { "name": "رودخانه کوهرنگ", "images": [] },
                { "name": "رودخانه بازفت", "images": [] },
                { "name": "رودخانه منج", "images": [] }
            ]
        },
        {
            "mountains": [
                { "name": "قله زردکوه بختیاری (4221متر)", "images": [] },
                { "name": "سفیدکوه", "images": [] },
                { "name": "سبزکوه", "images": [] },
                { "name": "کرکس", "images": [] },
                { "name": "کوه‌های سنندج–سیرجان", "images": [] }
            ]
        },
        {
            "lakes_and_lagoons": [
                { "name": "تالاب چغاخور", "images": [] },
                { "name": "سد زاینده‌رود (دریاچه پشت سد)", "images": [] },
                { "name": "سد کارون ۴ (دریاچه پشت سد)", "images": [] }
            ]
        },
        {
            "vegetation": [
                "جنگل‌های بلوط غرب استان",
                "پوشش مرتعی (گون، آویشن، جاشیر)",
                "گیاهان مرتعی حساس به تغییر اقلیم",
                "مراتع ییلاقی و قشلاقی",
                "گون‌های مقاوم به کم‌آبی"
            ]
        }
    ],
    "topography": [{
            "name": "کوهستانی",
            "description": [
                "85% مساحت استان کوهستان",
                "ارتفاع متوسط 2153 متر",
                "تصاعد از شرق به غرب"
            ]
        },
        {
            "name": "دشت‌های آبرفتی",
            "description": [
                "15% مساحت استان دشت",
                "ارتفاع متوسط دشت‌ها حدود 2000 متر",
                "مساحت قابل کشت بیش از 3500 کیلومتر مربع"
            ]
        },
        {
            "name": "ناهمواری‌های زاگرس چین‌خورده و مرتفع",
            "description": [
                "دره‌ها و گسل‌های فعال زاگرس",
                "ارتفاعات تند و تیز و دشت‌های باریک",
                "گسل زاگرس به طول بیش از 120 کیلومتر"
            ]
        }
    ],
    "natural_resources": [{
            "name": "منابع آبی",
            "description": [
                "10% حجم آب‌های جاری کشور",
                "برابر 2.9 میلیارد مترمکعب در حوضه کارون",
                "منابع زیرزمینی 1592 میلیون مترمکعب"
            ]
        },
        {
            "name": "منابع معدنی",
            "description": [
                "بوکسیت (ذخیره غنی در دوپالن)",
                "سیلیس، گچ، خاک نسوز",
                "سنگ مرمر، سنگ آهن، دولومیت"
            ]
        },
        {
            "name": "فرش دستباف و صنایع دستی",
            "description": [
                "قالی چالشتری و یلمه",
                "نمدمالی، وریس‌بافی، گیوه‌دوزی",
                "خارهای محلی (جاجیم، خاتم‌کاری)"
            ]
        }
    ],
    "tourist_attractions": [{
            "name": "قلعه سردار اسعد",
            "images": [],
            "year_built": "",
            "description": "کاخ تاریخی متعلق به سردار اسعد بختیاری در جونقان"
        },
        {
            "name": "قلعه چالشتر",
            "images": [],
            "year_built": "",
            "description": "عمارت آزاده و ستوده در چالشتر، یادگار اتابکان لر"
        },
        {
            "name": "غار چما",
            "images": [],
            "description": "غار آهکی با چشمه‌های خنک در زردکوه"
        },
        {
            "name": "آبشار آتشگاه",
            "images": [],
            "description": "آبشار پرآب و بلند در شهرستان لردگان"
        },
        {
            "name": "تالاب چغاخور",
            "images": [],
            "description": "لگن طبیعی آب شیرین در ارتفاعات بروجن"
        },
        {
            "name": "حمام تاریخی مکتب‌خانه",
            "images": [],
            "description": "حمامی متعلق به دوران قاجار در بروجن"
        },
        {
            "name": "بردگوری‌های ساسانی",
            "images": [],
            "description": "سنگ‌نبشته‌های دوره ساسانی در اردل و کوهرنگ"
        }
    ],
    "climate_impacts": [{
            "name": "خشکسالی",
            "description": [
                "کاهش بارندگی بیش از 35%",
                "کاهش آب چاه‌ها و قنات‌ها"
            ]
        },
        {
            "name": "سیل",
            "description": [
                "تخریب 40 میلیون تن خاک در سال",
                "خسارت به پل‌ها و روستاها"
            ]
        },
        {
            "name": "زلزله",
            "description": [
                "قرارگیری در پهنه لرزه‌خیز زاگرس چین‌خورده",
                "وجود گسل‌های فعال"
            ]
        },
        {
            "name": "سرمازدگی و بهمن",
            "description": [
                "خسارت به باغات و مزارع در بهار",
                "قطع راه‌های کوهستانی"
            ]
        }
    ],
    "additional_info": {
        "book_title": "استان‌شناسی چهارمحال و بختیاری",
        "course_code": "110309",
        "education_level": "پایه دهم دوره دوم متوسطه",
        "authors": [
            "سازمان پژوهش و برنامه‌ریزی آموزشی، دفتر تألیف کتاب‌های درسی عمومی و متوسطه نظری",
            "شهرام امیدوار",
            "لهراسب صدقی",
            "قاسم فتاحی‌نافچی",
            "مسیح‌اله کیهانی",
            "علیرضا ناظمی‌هرندی"
        ],
        "editor": "محمدکاظم بهنیا",
        "publisher": "شرکت چاپ و نشر کتاب‌های درسی ایران",
        "print_edition": "چاپ سیزدهم 1403",
        "isbn": "978-964-05-2014-7"
    }
}