{
    "title": "ویژگی‌های جغرافیایی استان فارس",
    "location": {
        "province": "فارس",
        "city": ""
    },
    "geographical_features": [{
            "name": "رودخانه‌ها",
            "description": [
                "رودخانه کر",
                "رودخانه شاپور",
                "رودخانه دالکی",
                "رودخانه فیروزآباد",
                "رودخانه سیوند",
                "رودخانه رودبال",
                "رودخانه قره‌آقاج"
            ],
            "images": []
        },
        {
            "name": "کوه‌ها و ناهمواری‌ها",
            "description": [
                "کوهستان زاگرس",
                "قله‌های مرتفع شامل کوه سفید (3950 متر)، رنج (3720 متر)، ساریخانی (3330 متر)، موسیخان (3283 متر)، سفیدار (3170 متر)، قالت (2990 متر)، گاو بست (2170 متر)، کهدان (2100 متر)"
            ],
            "images": []
        },
        {
            "name": "دشت‌ها",
            "description": [
                "دشت‌های حاصلخیزی در مرکز و غرب استان",
                "بیابان‌ها و اراضی بایر در جنوب و شرق استان"
            ],
            "images": []
        },
        {
            "name": "دریاچه‌ها",
            "description": [
                "دریاچه بختگان",
                "دریاچه طشک",
                "دریاچه پریشان",
                "دریاچه ارژن"
            ],
            "images": []
        }
    ],
    "topography": [{
        "name": "توپوگرافی استان",
        "description": [
            "تقسیم‌بندی به دو بخش کوهستانی و دشتی",
            "کوهستان زاگرس با چین‌خوردگی‌ها و گسل‌های فعال",
            "دشت‌های آبرفتی حاصلخیز مرکزی و غربی"
        ]
    }],
    "natural_resources": [{
            "name": "منابع آب",
            "description": [
                "رودخانه‌های متعدد",
                "چشمه‌های آب گرم درمانی",
                "پوشش منابع آب زیرزمینی غنی"
            ]
        },
        {
            "name": "معادن",
            "description": [
                "گنبدهای نمکی شاه علمدار و زریندشت",
                "مخازن نفت و گاز: آغار-دالان، خشت-کمارج، سعادت‌آباد، سروستان"
            ]
        },
        {
            "name": "پوشش گیاهی",
            "description": [
                "جنگل‌های بلوط، بنه، زالزالک، گالبی وحشی، ارس، بادام کوهی، انجیر وحشی",
                "مراتع درمنه، گز، گون، اسپند، اسفناج وحشی، کنگر، جاشیر، شیرینبیان، خارشتر، شاتره، چوبک"
            ]
        }
    ],
    "tourist_attractions": [{
            "name": "تخت جمشید",
            "images": [],
            "year_built": "518 پیش از میلاد",
            "architect": "داریوش اول",
            "constructor": "داریوش اول",
            "description": "مجموعه کاخ‌ها و خزائن هخامنشی؛ محل برگزاری جشن‌های نوروز"
        },
        {
            "name": "پاسارگاد",
            "images": [],
            "year_built": "550 پیش از میلاد",
            "architect": "هخامنشیان",
            "constructor": "کوروش بزرگ",
            "description": "آرامگاه کوروش کبیر و مجموعه کاخ‌های هخامنشی"
        },
        {
            "name": "نقش رستم",
            "images": [],
            "year_built": "",
            "architect": "",
            "constructor": "",
            "description": "نقش‌برجسته‌های هخامنشی و آرامگاه‌های شاهان"
        },
        {
            "name": "شاهچراغ (آرامگاه احمد بن موسی)",
            "images": [],
            "year_built": "",
            "architect": "",
            "constructor": "",
            "description": "حرم مطهر امامزاده شاهچراغ در شیراز"
        },
        {
            "name": "حافظیه",
            "images": [],
            "year_built": "",
            "architect": "",
            "constructor": "",
            "description": "آرامگاه شیخ شمس‌الدین حافظ شیرازی"
        },
        {
            "name": "سعدیه",
            "images": [],
            "year_built": "",
            "architect": "",
            "constructor": "",
            "description": "آرامگاه سعدی شیرازی"
        },
        {
            "name": "بازار وکیل",
            "images": [],
            "year_built": "1218 قمری",
            "architect": "",
            "constructor": "شاه ‌عباس دوم",
            "description": "بازار سنتی شیراز در دوران زندیه"
        },
        {
            "name": "مسجد وکیل",
            "images": [],
            "year_built": "1218 قمری",
            "architect": "",
            "constructor": "کریم‌خان زند",
            "description": "مسجد تاریخی شیراز در دوران زندیه"
        },
        {
            "name": "نارنجستان قوام",
            "images": [],
            "year_built": "",
            "architect": "",
            "constructor": "قوام‌الملک",
            "description": "عمارت قاجاری و باغ نارنجستان در شیراز"
        },
        {
            "name": "باغ ارم",
            "images": [],
            "year_built": "",
            "architect": "",
            "constructor": "",
            "description": "باغ گیاه‌شناسی تاریخی در شیراز"
        },
        {
            "name": "باغ عفیف‌آباد",
            "images": [],
            "year_built": "",
            "architect": "",
            "constructor": "",
            "description": "باغ و عمارت دوره قاجار در شیراز"
        },
        {
            "name": "آبشار مارگون",
            "images": [],
            "year_built": "",
            "architect": "",
            "constructor": "",
            "description": "یکی از بلندترین آبشارهای استان در سپیدان"
        },
        {
            "name": "تنگه براق",
            "images": [],
            "year_built": "",
            "architect": "",
            "constructor": "",
            "description": "تنگه دیدنی در اقلید"
        },
        {
            "name": "تنگه بستانک",
            "images": [],
            "year_built": "",
            "architect": "",
            "constructor": "",
            "description": "تنگه‌ای کوهستانی در سپیدان"
        },
        {
            "name": "چشمه دهرم",
            "images": [],
            "year_built": "",
            "architect": "",
            "constructor": "",
            "description": "چشمه آب گرم درمانی در فراشبند"
        }
    ],
    "additional_info": {
        "publisher": "سازمان پژوهش و برنامه‌ریزی آموزشی وزارت آموزش و پرورش",
        "ISBN": "964-05-1792-5",
        "publication_year": "1403",
        "copyright": "کلیه حقوق این کتاب متعلق به سازمان پژوهش و برنامه‌ریزی آموزشی وزارت آموزش و پرورش است."
    }
}