{
    "title": "ویژگی‌های جغرافیایی هرمزگان",
    "location": {
        "province": "هرمزگان",
        "city": "بندرعباس"
    },
    "geographical_features": [{
            "name": "رودخانه‌ها",
            "description": [
                { "name": "میناب", "images": [] },
                { "name": "مهران", "images": [] },
                { "name": "گابریک", "images": [] },
                { "name": "شور", "images": [] },
                { "name": "کجیگ", "images": [] }
            ]
        },
        {
            "name": "کوه‌ها",
            "description": [
                { "name": "کوه فارغان (هماگ)", "images": [] },
                { "name": "کوه شب (شو)", "images": [] },
                { "name": "کوه گنو", "images": [] },
                { "name": "کوه نیان", "images": [] },
                { "name": "کوه مهره", "images": [] }
            ]
        },
        {
            "name": "جزایر",
            "description": [
                { "name": "قشم", "images": [] },
                { "name": "کیش", "images": [] },
                { "name": "هرمز", "images": [] },
                { "name": "ابوموسی", "images": [] },
                { "name": "تنب بزرگ", "images": [] },
                { "name": "تنب کوچک", "images": [] },
                { "name": "سیری", "images": [] },
                { "name": "الرک", "images": [] },
                { "name": "الوان", "images": [] }
            ]
        },
        {
            "name": "پوشش گیاهی",
            "description": [
                "جنگل‌های ساحلی مانگرو",
                "گونه‌های کنار، مغیر و کهور در ساحل",
                "بیابان‌های وسیع با گیاهان مقاوم به شوری",
                "مراتع کم‌تراکم با گونه‌های شورپسند",
                "جنگل‌های کوهستانی با گونه‌های بنه و بادام کوهی"
            ]
        }
    ],
    "topography": [{
            "name": "اقلیم منطقه",
            "description": ["گرم و خشک در جلگه‌ها", "معتدل در ارتفاعات شمالی"]
        },
        {
            "name": "ارتفاع",
            "description": ["کوه فارغان: ۳۲۶۷ متر", "کوه شب: ۲۶۸۱ متر", "کوه گنو: ۲۳۴۷ متر"]
        },
        {
            "name": "دشت‌ها",
            "description": ["دشت سیاهو", "دشت مهرگان", "دشت پارسیان"]
        },
        {
            "name": "ناهمواری‌ها",
            "description": ["رشته‌کوه زاگرس هرمزگان", "رشته‌کوه مکران و بشاگرد", "گنبدهای نمکی"]
        }
    ],
    "natural_resources": [{
            "name": "منابع آبی",
            "description": ["رودخانه‌های فصلی و دائمی", "چاه‌های عمیق و قنات", "چشمه‌های آبگرم"]
        },
        {
            "name": "منابع معدنی",
            "description": ["سنگ آهن", "گاز طبیعی", "سنگ مرمر", "کرومیت", "نمک"]
        },
        {
            "name": "منابع دریایی",
            "description": ["آبزیان خوراکی (هامور، سنگسر، حلوا)", "آبزیان زینتی (دلقک‌ماهی، بادکنک‌ماهی)"]
        }
    ],
    "tourist_attractions": [{
            "name": "جنگل‌های حرا (جزیره قشم)",
            "images": [],
            "description": "وسیع‌ترین ناحیه جنگل‌های حرا با آبراهه‌ها و پرندگان مهاجر"
        },
        {
            "name": "قلعه پرتغالی‌ها (جزیره هرمز)",
            "images": [],
            "year_built": "۱۵۰۷",
            "constructor": "آلفونسو آلبرکرک",
            "architect": "نامشخص",
            "description": "قلعه‌ای چندضلعی با برج‌های ۱۲ متری و آثاری از ساختار دفاعی پرتغالی‌ها"
        },
        {
            "name": "غار نمکی قشم",
            "images": [],
            "description": "بلندترین غار نمکی جهان با ساختاری زمین‌شناختی بی‌نظیر"
        },
        {
            "name": "قنات زیرزمینی کاریز (جزیره کیش)",
            "images": [],
            "description": "قناتی ۲۵۰۰ ساله با شبکه‌ای از تونل‌های زیرزمینی"
        },
        {
            "name": "آبشار تزرج (حاجی‌آباد)",
            "images": [],
            "description": "آبشاری زیبا و مناظر جنگلی اطراف"
        },
        {
            "name": "آبگرم گنو (میناب)",
            "images": [],
            "description": "منطقه آب‌درمانی با خواص درمانی برای امراض پوستی و رماتیسمی"
        },
        {
            "name": "پل شاه‌عباسی (التیدان)",
            "images": [],
            "description": "طولانی‌ترین پل سنتی ایران با ۳۳ دهانه و ۱۵۰۰ متر طول"
        }
    ],
    "additional_info": {
        "books_source": "http://chap.sch.ir/category/کتاب‌های-جغرافیای-استان-هرمزگان"
    }
}