{
    "title": "ویژگی‌های استان‌شناسی اصفهان",
    "location": {
        "province": "اصفهان",
        "capital": "اصفهان"
    },
    "geographical_features": {
        "rivers": [
            { "name": "زاینده‌رود", "images": [] },
            { "name": "پالسجان", "images": [] },
            { "name": "ماربر", "images": [] },
            { "name": "مرغاب", "images": [] },
            { "name": "سولیکان", "images": [] },
            { "name": "گلپایگان", "images": [] },
            { "name": "هرگان", "images": [] }
        ],
        "mountains": [
            { "name": "کوه صفه", "images": [] },
            { "name": "رشته‌کوه کرکس", "images": [] },
            { "name": "کوه دالانکوه", "images": [] },
            { "name": "ارتفاعات زاگرس (شاهان‌کوه، دنا، دامنه)", "images": [] }
        ],
        "lakes_and_wetlands": [
            { "name": "گاوخونی (تالاب بین‌المللی)", "images": [] },
            { "name": "انارک (چاهک‌آب پوشیده از نمک و رس)", "images": [] }
        ],
        "vegetation": [
            { "type": "بیابان‌های مرکزی", "species": ["گون‌های مقاوم", "گونه‌های کمیاب"] },
            { "type": "مراتع", "quality": ["خوب", "متوسط", "ضعیف"] },
            { "type": "جنگل‌های زاگرس", "species": ["بلوط", "بنۀ"] }
        ]
    },
    "topography": [{
            "name": "اقلیم",
            "description": ["بیابانی", "نیمه‌بیابانی", "نیمه‌مرطوب"]
        },
        {
            "name": "دشت‌ها و چاله‌ها",
            "description": ["دشت مهیار", "دشت گلپایگان", "کویر جرقویه"]
        },
        {
            "name": "کوهستان و پیش‌کوه‌ها",
            "description": ["رشته‌کوه زاگرس", "رشته‌کوه‌های مرکزی"]
        }
    ],
    "natural_resources": [{
            "name": "آب",
            "description": ["رودخانه‌های دائمی و فصلی", "چاه‌ها و قنات‌ها"]
        },
        {
            "name": "معادن",
            "description": ["طلای موته", "سنگ‌آهن مبارکه", "مرمر کاشان", "فلوارژان (سرب و روی)"]
        },
        {
            "name": "خاک",
            "description": ["حاصلخیز دشت‌ها", "نمک‌زارهای بیابانی", "خاک‌های کوهپایه‌ای"]
        }
    ],
    "environmental_issues": {
        "air_pollution": ["صنایع بزرگ (فولاد، ذوب‌آهن)", "وسایل نقلیه فرسوده"],
        "water_pollution": ["پساب کشاورزی", "فاضلاب شهری", "پساب صنعتی"],
        "desertification": ["پیشروی کویر", "توفان‌های گرد و غبار"],
        "deforestation": ["قطع درختان بلوط", "گسترش بیابان‌زایی"]
    },
    "climate_change_impacts": [
        "تکرار خشکسالی‌های شدید",
        "کاهش رواناب رودها و ذخیره‌سازی سدها",
        "افزایش توفان‌های گرد و غبار",
        "یخبندان‌های بی‌سابقه"
    ],
    "tourist_attractions": [{
            "name": "میدان نقش جهان",
            "year_built": 1598,
            "constructor": "شاه عباس اول",
            "architect": "محمدرضا ابن حسین اصفهانی",
            "description": "یکی از بزرگ‌ترین میدان‌های جهان و اثر ثبت‌شده در یونسکو.",
            "images": []
        },
        {
            "name": "پل خواجو",
            "year_built": 1650,
            "constructor": "شاه عباس دوم",
            "architect": "نامشخص",
            "description": "زیباترین پل تاریخ ایران با معماری بی‌نظیر.",
            "images": []
        },
        {
            "name": "کاخ چهل‌ستون",
            "year_built": 1647,
            "constructor": "شاه عباس دوم",
            "architect": "شیخ‌بهایی",
            "description": "کاخ باشکوه با نقاشی‌های تاریخی و معماری صفوی.",
            "images": []
        },
        {
            "name": "مسجد شیخ لطف‌الله",
            "year_built": 1619,
            "constructor": "شاه عباس اول",
            "architect": "محمدرضا اصفهانی",
            "description": "مسجدی منحصر به فرد با کاشیکاری‌های بی‌نظیر.",
            "images": []
        }
    ],
    "economic_capabilities": {
        "agriculture": {
            "major_crops": ["گندم", "جو", "برنج", "پنبه"],
            "horticulture": ["انار", "سیب", "خرما", "گل محمدی"],
            "livestock": ["گاو و گوسفند", "بز", "شتر"],
            "beekeeping": ["عسل خوانسار"]
        },
        "industry": {
            "heavy": ["فولاد مبارکه", "ذوب‌آهن"],
            "petrochemical": ["پالایشگاه اصفهان"],
            "mining": ["طلای موته", "سنگ‌آهن چغارت"],
            "handicrafts": ["قالیبافی نایین", "مجسمه‌سازی ابیانه"]
        },
        "tourism": {
            "annual_visitors_domestic": 308292,
            "annual_visitors_foreign": 53614
        }
    },
    "human_geography": {
        "political_divisions": {
            "counties": 28,
            "districts": 56,
            "cities": 114,
            "villages": 132
        },
        "population": {
            "total_2016": 5120850,
            "urban": 4507309,
            "rural": 613073,
            "growth_rate_2011_2016": 0.97
        },
        "settlements": {
            "major_cities": ["اصفهان", "کاشان", "خمینی‌شهر", "نجف‌آباد"],
            "major_villages": ["ابیانه", "ورزنه", "نوش‌آباد"]
        }
    },
    "culture_and_customs": {
        "languages_dialects": ["فارسی معیار", "ابیانه‌ای", "ورزنه‌ای", "قمیشی"],
        "folk_literature": ["حکایت‌های قابوس‌نامه", "ضرب‌المثل‌های محلی", "آوازی‌های الالویی"],
        "festivals": ["چهارشنبه‌سوری", "نوروز", "عزاداری محرم", "قالیشویی مشهد اردهال"],
        "traditional_clothing": ["چادر سفید ورزنه", "لباس ابیانه‌ای"]
    },
    "historical_heritage": {
        "prehistoric_sites": ["غار قلعهبزی", "تپه سیلک", "تل شاهی سمیرم"],
        "sassanid_sites": ["آتشکده ماربین", "قلعه نخلک", "طاقچه بت"],
        "islami_dynasties": ["آل‌بویه", "سلجوقی", "صفوی"],
        "notable_figures": [
            "ابن‌سینا (پزشک و فیلسوف)",
            "خواجه‌نظام‌الملک (وزیر سلجوقی)",
            "شیخ‌بهایی (معمار صفوی)",
            "کمال‌الملک (نقاش معاصر)"
        ]
    },
    "additional_info": {
        "book_source": "http://chap.sch.ir/category/…/جغرافیای-استان-ها",
        "isbn": "964-05-1796-8",
        "publisher": "سازمان پژوهش و برنامه‌ریزی آموزشی، وزارت آموزش و پرورش"
    }
}