{
    "title": "ویژگیهای جغرافیایی کهگیلویه و بویراحمد",
    "location": {
        "province": "کهگیلویه و بویراحمد",
        "city": "یاسوج"
    },
    "geographical_features": [{
            "name": "رودخانه‌ها",
            "description": [
                { "name": "مارون", "images": [] },
                { "name": "بشار", "images": [] },
                { "name": "زهره", "images": [] },
                { "name": "خیرآباد", "images": [] },
                { "name": "شور", "images": [] },
                { "name": "بابا احمد", "images": [] },
                { "name": "تلخ", "images": [] }
            ]
        },
        {
            "name": "کوه‌ها",
            "description": [
                { "name": "دنا", "images": [] },
                { "name": "سیاه و سفید", "images": [] },
                { "name": "حاتم", "images": [] },
                { "name": "خائیز", "images": [] },
                { "name": "حجال", "images": [] },
                { "name": "خامی", "images": [] },
                { "name": "نور", "images": [] },
                { "name": "دلافروز", "images": [] },
                { "name": "سرداب", "images": [] },
                { "name": "شورم", "images": [] }
            ]
        },
        {
            "name": "دریاچه‌ها و تالاب‌ها",
            "description": [
                { "name": "برم موزرد زیلایی", "images": [] },
                { "name": "برم آلوان", "images": [] }
            ]
        },
        {
            "name": "پوشش گیاهی",
            "description": [
                { "name": "جنگل‌های بلوط", "images": [] },
                { "name": "مراتع غنی گیاهان دارویی", "images": [] },
                { "name": "پوشش علوفه مراتع", "images": [] }
            ]
        }
    ],
    "topography": [{
            "name": "اقلیم",
            "description": ["سردسیر", "گرمسیر"]
        },
        {
            "name": "ارتفاعات",
            "description": ["بلندترین نقطه: قله دنا 4409 متر", "پست‌ترین نقطه: بی‌بی حکیمه 197 متر"]
        },
        {
            "name": "دشت‌ها",
            "description": ["دشت لیشتر", "دشت روم", "دشت‌های پست شهرستان بهمئی و گچساران"]
        },
        {
            "name": "زمین‌شناسی",
            "description": ["ساختمان چین‌خورده زاگرس", "گسل رورانده", "گنبدهای نمکی کاکان"]
        },
        {
            "name": "کوهپایه‌ها",
            "description": ["سیسخت", "پاتاوه", "چرام", "لیکک"]
        }
    ],
    "natural_resources": [{
            "name": "منابع آبی",
            "description": ["رودخانه‌های دائمی", "چشمه‌های خنک", "قنات‌ها و چاه‌های آب"]
        },
        {
            "name": "نفت و گاز",
            "description": ["میدان نفتی گچساران", "میدان نفتی بی‌بی حکیمه", "گاز همراه نفت"]
        },
        {
            "name": "معادن",
            "description": ["معدن بوکسیت سرفاریاب", "معدن فسفات قلعه دختر", "معدن گچ سرگچینه", "معدن سلستین", "معادن سنگ آهک و نما", "معادن نمک آبی"]
        },
        {
            "name": "پوشش گیاهی دارویی",
            "description": ["آویشن", "شیرین بیان", "بومادران", "مورد", "جاشیر خوراکی", "چویل", "ارس"]
        }
    ],
    "tourist_attractions": [{
            "name": "پارک دنا سیسخت",
            "images": [],
            "description": "پارک جنگلی و مسیر کوهنوردی در ارتفاعات دنا"
        },
        {
            "name": "تله‌کابین یاسوج",
            "images": [],
            "description": "تله‌کابین کوه کان با چشم‌انداز شهر یاسوج"
        },
        {
            "name": "آبشار یاسوج",
            "images": [],
            "description": "آبشار پرآب در مسیر رود بشار"
        },
        {
            "name": "امامزاده بی‌بی حکیمه",
            "images": [],
            "year_built": "",
            "Constructor": "",
            "architect": "",
            "description": "زیارتگاه دختر امام موسی کاظم (ع) در شهرستان گچساران"
        },
        {
            "name": "پل هخامنشی پاتاوه",
            "images": [],
            "year_built": "دوران هخامنشی",
            "Constructor": "شاهان هخامنشی",
            "architect": "",
            "description": "پل سنگی تاریخی بر روی رودخانه مارون"
        },
        {
            "name": "روستای پلکانی کریک",
            "images": [],
            "description": "روستای توریستی با معماری پلکانی در شهرستان دنا"
        },
        {
            "name": "امامزاده شاه مختار چیتاب",
            "images": [],
            "description": "زیارتگاه مذهبی در شهرستان کهگیلویه"
        },
        {
            "name": "غار کوه خائیز",
            "images": [],
            "description": "غار طبیعی و کوهنوردی در شهرستان گچساران"
        },
        {
            "name": "دریاچه برم آلوان",
            "images": [],
            "description": "دریاچه طبیعی برم آلوان در شهرستان بهمنی"
        },
        {
            "name": "قلعه دختر دهدشت",
            "images": [],
            "description": "قلعه تاریخی ساسانی در شهرستان کهگیلویه"
        }
    ],
    "climate_change_impacts": [
        "کاهش بارندگی سالانه و افزایش خشکسالی",
        "افزایش وقوع گرد و غبار در ماه‌های گرم",
        "افت سطح آب‌های زیرزمینی و خشک شدن برخی چشمه‌ها",
        "کاهش کیفیت و تراکم جنگل‌ها و مراتع",
        "تشدید فرسایش خاک و تخریب پوشش گیاهی"
    ],
    "additional_info": {
        "books_source": "http://chap.sch.ir/category/دوره-آموزش-متوسطة/جغرافیای-استان-کهگیلویه-و-بویراحمد"
    }
}