{
  "province": "هرمزگان",
  "title": "ویژگی‌های جغرافیایی هرمزگان",
  "location": {
    "province": "هرمزگان",
    "city": "بندر عباس"
  },
  "geographical_features": [
    {
      "name": "کوهستان‌ها",
      "items": [
        {
          "name": "زاگرس هرمزگان",
          "images": []
        }
      ]
    },
    {
      "name": "جزایر",
      "items": [
        {
          "name": "جزیرهٔ هرمز",
          "images": []
        }
      ]
    },
    {
      "name": "گنبدهای نمکی",
      "items": [
        {
          "name": "گچین",
          "images": []
        },
        {
          "name": "بستک",
          "images": []
        },
        {
          "name": "جناح",
          "images": []
        },
        {
          "name": "پل",
          "images": []
        },
        {
          "name": "لمزان",
          "images": []
        },
        {
          "name": "هرمز",
          "images": []
        },
        {
          "name": "لارک",
          "images": []
        },
        {
          "name": "ابوموسی",
          "images": []
        }
      ]
    },
    {
      "name": "گل فشان‌ها",
      "items": [
        {
          "name": "گل فشان گوان",
          "images": []
        }
      ]
    },
    {
      "name": "خورها",
      "items": [
        {
          "name": "خور خوران",
          "images": []
        }
      ]
    },
    {
      "name": "ارتفاعات",
      "items": [
        {
          "name": "کوه گنو",
          "images": []
        }
      ]
    },
    {
      "name": "رودها",
      "items": [
        {
          "name": "رود میناب",
          "images": []
        },
        {
          "name": "رود مهران",
          "images": []
        },
        {
          "name": "رودان",
          "images": []
        },
        {
          "name": "جغین",
          "images": []
        }
      ]
    },
    {
      "name": "جنگل‌های مانگرو",
      "items": [
        {
          "name": "جنگل خلیج فارس",
          "images": []
        },
        {
          "name": "دریای عمان",
          "images": []
        }
      ]
    },
    {
      "name": "مراتع",
      "items": [
        {
          "name": "شتر",
          "images": []
        },
        {
          "name": "قوچ",
          "images": []
        },
        {
          "name": "پلنگ",
          "images": []
        }
      ]
    },
    {
      "name": "کشند قرمز",
      "items": [
        {
          "name": "Harmful Algae Bloom",
          "images": []
        }
      ]
    },
    {
      "name": "شهرستان‌ها",
      "items": [
        {
          "name": "شهرستان بندرعباس",
          "images": []
        },
        {
          "name": "شهرستان جاسک",
          "images": []
        }
      ]
    },
    {
      "name": "نخلستان‌ها",
      "items": [
        {
          "name": "نخلستان آباد",
          "images": []
        },
        {
          "name": "نخلستان میناب",
          "images": []
        }
      ]
    },
    {
      "name": "تنگه هرمز",
      "items": [
        {
          "name": "تنگه هرمز",
          "images": []
        }
      ]
    },
    {
      "name": "نیایشگاه مینو",
      "items": [
        {
          "name": "نی نیایشگاه",
          "images": []
        }
      ]
    },
    {
      "name": "تپه‌های مورو شکل",
      "items": [
        {
          "name": "تپه مورو",
          "images": []
        }
      ]
    },
    {
      "name": "دریاچه‌های عمان",
      "items": [
        {
          "name": "دریاچه های عمان",
          "images": []
        }
      ]
    },
    {
      "name": "دریای مکران",
      "items": [
        {
          "name": "بحر مکران",
          "images": []
        }
      ]
    },
    {
      "name": "گنبد‌های نمکی",
      "items": [
        {
          "name": "گنبد نمکی قشم",
          "images": []
        },
        {
          "name": "گنبد نمکی هرمز",
          "images": []
        }
      ]
    },
    {
      "name": "ارتفاعات گنو",
      "items": [
        {
          "name": "هماگ",
          "images": []
        }
      ]
    },
    {
      "name": "کیش",
      "items": [
        {
          "name": "چشمه‌های کیش",
          "images": []
        }
      ]
    }
  ],
  "natural_resources": [],
  "vegetation": [
    "استبرق",
    "تج",
    "چوچ",
    "آکاسیای چتری",
    "کهور",
    "کلیر",
    "کنار"
  ],
  "topography": [
    {
      "name": "ناهمواری‌های هرمزگان",
      "description": [
        "این ناهمواری‌ها شامل دشت‌های هموار، جلگه های پست، کوه های بلند و جزایر جذاب و دیدنی است."
      ]
    },
    {
      "name": "ارتفاعات بخش جنوب شرقی (واحد مکران و بشاگرد)",
      "description": []
    },
    {
      "name": "گسل میناب",
      "description": []
    },
    {
      "name": "دشت‌های هرمزگان",
      "description": [
        "سطوح گسترده‌ای در امتداد خط ساحلی"
      ]
    },
    {
      "name": "جلگه های استان",
      "description": [
        "در امتداد دریای عمان"
      ]
    },
    {
      "name": "تپه‌های شن‌زا",
      "description": []
    },
    {
      "name": "ناهمواری‌های کوهستانی",
      "description": []
    },
    {
      "name": "کوه های گنو",
      "description": []
    }
  ],
  "tourist_attractions": [
    {
      "name": "گنبد‌های نمکی",
      "images": [],
      "year_built": "",
      "constructor": "",
      "architect": "",
      "description": "گنبد‌های نمکی به دلیل شکل‌های زیبا و طبیعی، جاذبه‌ای علمی و گردشگری هستند."
    },
    {
      "name": "مجتمع بندری شهیدرجایی",
      "items": [
        {
          "name": "بندر لنگه جنوبی",
          "images": []
        }
      ]
    },
    {
      "name": "مسجدها",
      "items": [
        {
          "name": "مسجد شیخ برخ",
          "images": []
        }
      ]
    },
    {
      "name": "جنگل حرا",
      "images": [],
      "year_built": "",
      "constructor": "",
      "architect": "",
      "description": "جنگل حرا با پرندگان زیبا و طبیعت بکر، از مناطق جذاب توریستی استان است."
    }
  ],
  "climate_impacts": [],
  "additional_info": {
    "books_source": "",
    "other_sources": []
  }
}