{
    "province": "کهگیلویه‌و‌بویراحمد",
    "title": "ویژگی‌های جغرافیایی کهگیلویه و بویراحمد",
    "location": {
        "province": "کهگیلویه و بویراحمد",
        "city": "یاسوج"
    },
    "geographical_features": [{
            "name": "کوه های زاگرس"
        },
        {
            "name": "جنگل‌ها",
            "items": [{
                "name": "جنگل‌های زاگرسی",
                "images": []
            }]
        },
        {
            "name": "بادهای محلی",
            "items": [{
                    "name": "باد آشوب",
                    "images": []
                },
                {
                    "name": "باد حیران",
                    "images": []
                },
                {
                    "name": "باد چوغان",
                    "images": []
                },
                {
                    "name": "باد زیر روز",
                    "images": []
                },
                {
                    "name": "باد زمستان",
                    "images": []
                },
                {
                    "name": "باد سفلی",
                    "images": []
                }
            ]
        },
        {
            "name": "رودخانه‌ها",
            "items": [{
                "name": "رود مارون",
                "images": []
            }]
        },
        {
            "name": "کوهها",
            "items": [{
                "name": "کوه سرخ",
                "images": []
            }]
        },
        {
            "name": "گیاهان",
            "items": [{
                    "name": "گل پر",
                    "images": []
                },
                {
                    "name": "بابا آدم",
                    "images": []
                },
                {
                    "name": "پونهٔ وحشی",
                    "images": []
                },
                {
                    "name": "استبرق",
                    "images": []
                },
                {
                    "name": "شقایق",
                    "images": []
                },
                {
                    "name": "پنیرک (توله) ",
                    "images": []
                },
                {
                    "name": "بومادران (برنجاس) ",
                    "images": []
                }
            ]
        },
        {
            "name": "گسل ها",
            "items": [{
                    "name": "گسل رگ سفید",
                    "images": []
                },
                {
                    "name": "گسل آغاجاری",
                    "images": []
                }
            ]
        },
        {
            "name": "رشته کوه‌های زاگرس",
            "items": [{
                "name": "سلسله کوه‌ها",
                "images": []
            }]
        },
        {
            "name": "محوطه های پارینه سنگی",
            "items": [{
                    "name": "کالچو",
                    "images": []
                },
                {
                    "name": "سمغون",
                    "images": []
                }
            ]
        }
    ],
    "natural_resources": [{
            "name": "گیاهان خوراکی",
            "description": []
        },
        {
            "name": "ریواس صنعتی و دارویی",
            "description": []
        },
        {
            "name": "اسفناج",
            "description": []
        },
        {
            "name": "آنغوزه (گنه بو)",
            "description": []
        }
    ],
    "vegetation": [
        "جنگل‌ها",
        "مراتع",
        "گیاهان خوراکی",
        "ریواس صنعتی و دارویی"
    ],
    "topography": [{
            "name": "زاگرس",
            "description": []
        },
        {
            "name": "ارتفاعات و تپه ماهورها",
            "description": []
        },
        {
            "name": "دشت‌های جنوب غرب",
            "description": []
        },
        {
            "name": "مناطق مرتفع",
            "description": [
                "جاشیر",
                "چویل"
            ]
        },
        {
            "name": "مناطق مرکزی و شمال",
            "description": [
                "یاسوج",
                "سیهای خشک"
            ]
        },
        {
            "name": "مناطق نیمه استپی",
            "description": [
                "بهمنی"
            ]
        },
        {
            "name": "مناطق مرتفع",
            "description": []
        },
        {
            "name": "چهل قله با ارتفاع از حدود ۴۰۰۰ متر",
            "description": []
        },
        {
            "name": "تپه ماهورها",
            "description": []
        },
        {
            "name": "دشت‌های مهم",
            "description": [
                "ساختمان روستایی متنوع"
            ]
        }
    ],
    "tourist_attractions": [{
            "name": "مسجد جامع شیراز",
            "images": [],
            "year_built": "628 هجری شمسی",
            "constructor": "امیران عباسی",
            "architect": "علی‌خان",
            "description": "یکی از مهم‌ترین مساجد تاریخی ایران"
        },
        {
            "name": "تپه های باستانی",
            "items": [{
                    "name": "تپه ده و ده",
                    "images": []
                },
                {
                    "name": "تل خسرو",
                    "images": []
                }
            ]
        },
        {
            "name": "پل قدیمی پاتاوه",
            "items": [{
                "name": "پل تخت شاه نشین",
                "images": []
            }]
        }
    ],
    "climate_impacts": [],
    "additional_info": {
        "books_source": "",
        "other_sources": []
    }
}